Workbook

Sheet Summary
A1: Final-132 Repeatability Cohort: Balanced 10
A3: Metric | B3: Value | C3: Validation | D3: Notes
A4: Approved pool size | B4: 132 | C4: PASS | D4: Authoritative final_132 list
A5: Selected subjects | B5: =COUNTA('Selected 10'!A2:A11) | C5: PASS | D5: Requested full cohort
A6: Female subjects | B6: =COUNTIF('Selected 10'!C2:C11,"FEMALE") | C6: PASS | D6: Target = 5
A7: Male subjects | B7: =COUNTIF('Selected 10'!C2:C11,"MALE") | C7: PASS | D7: Target = 5
A8: Age bands represented | B8: =COUNTA(A16:A20) | C8: PASS | D8: Target = 5
A9: Selected mean age | B9: =AVERAGE('Selected 10'!B2:B11) | C9: PASS | D9: Years
A10: Selected median age | B10: =MEDIAN('Selected 10'!B2:B11) | C10: PASS | D10: Years
A11: Selected minimum age | B11: =MIN('Selected 10'!B2:B11) | C11: PASS | D11: Years
A12: Selected maximum age | B12: =MAX('Selected 10'!B2:B11) | C12: PASS | D12: Years
A13: Maximum source age delta | B13: 1 | C13: PASS | D13: Workbook is integer-age; CSV is precise
A14: Old/new selected overlap | B14: 0 | C14: INFO | D14: No overlap was required
A15: Age Band | B15: Female | C15: Male | D15: Total
A16: 19.00-32.23 | B16: =COUNTIFS('Selected 10'!$D$2:$D$11,A16,'Selected 10'!$C$2:$C$11,"FEMALE") | C16: =COUNTIFS('Selected 10'!$D$2:$D$11,A16,'Selected 10'!$C$2:$C$11,"MALE") | D16: =SUM(B16:C16)
A17: 32.23-45.47 | B17: =COUNTIFS('Selected 10'!$D$2:$D$11,A17,'Selected 10'!$C$2:$C$11,"FEMALE") | C17: =COUNTIFS('Selected 10'!$D$2:$D$11,A17,'Selected 10'!$C$2:$C$11,"MALE") | D17: =SUM(B17:C17)
A18: 45.47-58.70 | B18: =COUNTIFS('Selected 10'!$D$2:$D$11,A18,'Selected 10'!$C$2:$C$11,"FEMALE") | C18: =COUNTIFS('Selected 10'!$D$2:$D$11,A18,'Selected 10'!$C$2:$C$11,"MALE") | D18: =SUM(B18:C18)
A19: 58.70-71.94 | B19: =COUNTIFS('Selected 10'!$D$2:$D$11,A19,'Selected 10'!$C$2:$C$11,"FEMALE") | C19: =COUNTIFS('Selected 10'!$D$2:$D$11,A19,'Selected 10'!$C$2:$C$11,"MALE") | D19: =SUM(B19:C19)
A20: 71.94-85.17 | B20: =COUNTIFS('Selected 10'!$D$2:$D$11,A20,'Selected 10'!$C$2:$C$11,"FEMALE") | C20: =COUNTIFS('Selected 10'!$D$2:$D$11,A20,'Selected 10'!$C$2:$C$11,"MALE") | D20: =SUM(B20:C20)

Sheet Selected 10
A1: Subject ID | B1: Precise Age | C1: Sex | D1: Age Band | E1: Band Lower | F1: Band Upper | G1: Band Center | H1: Distance to Center | I1: Workbook Age | J1: Rank | K1: Approved | L1: Old 10
A2: sub-CC110174 | B2: 26 | C2: FEMALE | D2: 19.00-32.23 | E2: 19 | F2: 32.234 | G2: =(E2+F2)/2 | H2: =ABS(B2-G2) | I2: 25 | J2: 1 | K2: =IF(COUNTIF('Eligible 132'!$A$2:$A$133,A2)=1,"YES","ERROR") | L2: NO
A3: sub-CC121144 | B3: 26 | C3: MALE | D3: 19.00-32.23 | E3: 19 | F3: 32.234 | G3: =(E3+F3)/2 | H3: =ABS(B3-G3) | I3: 26 | J3: 1 | K3: =IF(COUNTIF('Eligible 132'!$A$2:$A$133,A3)=1,"YES","ERROR") | L3: NO
A4: sub-CC310407 | B4: 39 | C4: FEMALE | D4: 32.23-45.47 | E4: 32.234 | F4: 45.468 | G4: =(E4+F4)/2 | H4: =ABS(B4-G4) | I4: 39 | J4: 1 | K4: =IF(COUNTIF('Eligible 132'!$A$2:$A$133,A4)=1,"YES","ERROR") | L4: NO
A5: sub-CC320616 | B5: 39.08 | C5: MALE | D5: 32.23-45.47 | E5: 32.234 | F5: 45.468 | G5: =(E5+F5)/2 | H5: =ABS(B5-G5) | I5: 39 | J5: 1 | K5: =IF(COUNTIF('Eligible 132'!$A$2:$A$133,A5)=1,"YES","ERROR") | L5: NO
A6: sub-CC420071 | B6: 52.58 | C6: FEMALE | D6: 45.47-58.70 | E6: 45.468 | F6: 58.702 | G6: =(E6+F6)/2 | H6: =ABS(B6-G6) | I6: 52 | J6: 1 | K6: =IF(COUNTIF('Eligible 132'!$A$2:$A$133,A6)=1,"YES","ERROR") | L6: NO
A7: sub-CC410432 | B7: 52.58 | C7: MALE | D7: 45.47-58.70 | E7: 45.468 | F7: 58.702 | G7: =(E7+F7)/2 | H7: =ABS(B7-G7) | I7: 52 | J7: 1 | K7: =IF(COUNTIF('Eligible 132'!$A$2:$A$133,A7)=1,"YES","ERROR") | L7: NO
A8: sub-CC520083 | B8: 65.08 | C8: FEMALE | D8: 58.70-71.94 | E8: 58.702 | F8: 71.936 | G8: =(E8+F8)/2 | H8: =ABS(B8-G8) | I8: 65 | J8: 1 | K8: =IF(COUNTIF('Eligible 132'!$A$2:$A$133,A8)=1,"YES","ERROR") | L8: NO
A9: sub-CC520127 | B9: 66 | C9: MALE | D9: 58.70-71.94 | E9: 58.702 | F9: 71.936 | G9: =(E9+F9)/2 | H9: =ABS(B9-G9) | I9: 66 | J9: 1 | K9: =IF(COUNTIF('Eligible 132'!$A$2:$A$133,A9)=1,"YES","ERROR") | L9: NO
A10: sub-CC610631 | B10: 77.58 | C10: FEMALE | D10: 71.94-85.17 | E10: 71.936 | F10: 85.17 | G10: =(E10+F10)/2 | H10: =ABS(B10-G10) | I10: 77 | J10: 1 | K10: =IF(COUNTIF('Eligible 132'!$A$2:$A$133,A10)=1,"YES","ERROR") | L10: NO
A11: sub-CC720941 | B11: 79.17 | C11: MALE | D11: 71.94-85.17 | E11: 71.936 | F11: 85.17 | G11: =(E11+F11)/2 | H11: =ABS(B11-G11) | I11: 79 | J11: 1 | K11: =IF(COUNTIF('Eligible 132'!$A$2:$A$133,A11)=1,"YES","ERROR") | L11: NO

Sheet Eligible 132
A1: Subject ID | B1: CCID | C1: Precise Age | D1: Workbook Age | E1: Sex | F1: Age Band | G1: Band Index | H1: Selected
A2: sub-CC110056 | B2: CC110056 | C2: 22.67 | D2: 22 | E2: FEMALE | F2: 19.00-32.23 | G2: 1 | H2: =IF(COUNTIF('Selected 10'!$A$2:$A$11,A2)>0,"YES","")
A3: sub-CC110098 | B3: CC110098 | C3: 23 | D3: 23 | E3: MALE | F3: 19.00-32.23 | G3: 1 | H3: =IF(COUNTIF('Selected 10'!$A$2:$A$11,A3)>0,"YES","")
A4: sub-CC110101 | B4: CC110101 | C4: 23.33 | D4: 23 | E4: MALE | F4: 19.00-32.23 | G4: 1 | H4: =IF(COUNTIF('Selected 10'!$A$2:$A$11,A4)>0,"YES","")
A5: sub-CC110174 | B5: CC110174 | C5: 26 | D5: 25 | E5: FEMALE | F5: 19.00-32.23 | G5: 1 | H5: =IF(COUNTIF('Selected 10'!$A$2:$A$11,A5)>0,"YES","")
A6: sub-CC110606 | B6: CC110606 | C6: 20.75 | D6: 20 | E6: MALE | F6: 19.00-32.23 | G6: 1 | H6: =IF(COUNTIF('Selected 10'!$A$2:$A$11,A6)>0,"YES","")
A7: sub-CC112141 | B7: CC112141 | C7: 29.08 | D7: 29 | E7: MALE | F7: 19.00-32.23 | G7: 1 | H7: =IF(COUNTIF('Selected 10'!$A$2:$A$11,A7)>0,"YES","")
A8: sub-CC120049 | B8: CC120049 | C8: 28.08 | D8: 28 | E8: MALE | F8: 19.00-32.23 | G8: 1 | H8: =IF(COUNTIF('Selected 10'!$A$2:$A$11,A8)>0,"YES","")
A9: sub-CC120061 | B9: CC120061 | C9: 19.17 | D9: 19 | E9: MALE | F9: 19.00-32.23 | G9: 1 | H9: =IF(COUNTIF('Selected 10'!$A$2:$A$11,A9)>0,"YES","")
A10: sub-CC120166 | B10: CC120166 | C10: 28.17 | D10: 28 | E10: MALE | F10: 19.00-32.23 | G10: 1 | H10: =IF(COUNTIF('Selected 10'!$A$2:$A$11,A10)>0,"YES","")
A11: sub-CC120276 | B11: CC120276 | C11: 23.08 | D11: 23 | E11: FEMALE | F11: 19.00-32.23 | G11: 1 | H11: =IF(COUNTIF('Selected 10'!$A$2:$A$11,A11)>0,"YES","")
A12: sub-CC120795 | B12: CC120795 | C12: 24 | D12: 24 | E12: MALE | F12: 19.00-32.23 | G12: 1 | H12: =IF(COUNTIF('Selected 10'!$A$2:$A$11,A12)>0,"YES","")
A13: sub-CC121111 | B13: CC121111 | C13: 19 | D13: 18 | E13: MALE | F13: 19.00-32.23 | G13: 1 | H13: =IF(COUNTIF('Selected 10'!$A$2:$A$11,A13)>0,"YES","")
... A133: sub-CC721504 | B133: CC721504 | C133: 82.92 | D133: 82 | E133: MALE | F133: 71.94-85.17 | G133: 5 | H133: =IF(COUNTIF('Selected 10'!$A$2:$A$11,A133)>0,"YES","")

Sheet Ranked Candidates
A1: Age Band | B1: Band Index | C1: Sex | D1: Rank | E1: Subject ID | F1: Precise Age | G1: Band Center | H1: Distance | I1: Selected
A2: 19.00-32.23 | B2: 1 | C2: FEMALE | D2: 1 | E2: sub-CC110174 | F2: 26 | G2: 25.617 | H2: 0.383 | I2: YES
A3: 19.00-32.23 | B3: 1 | C3: FEMALE | D3: 2 | E3: sub-CC120276 | F3: 23.08 | G3: 25.617 | H3: 2.537 | I3: NO
A4: 19.00-32.23 | B4: 1 | C4: FEMALE | D4: 3 | E4: sub-CC121158 | F4: 28.42 | G4: 25.617 | H4: 2.803 | I4: NO
A5: 19.00-32.23 | B5: 1 | C5: MALE | D5: 1 | E5: sub-CC121144 | F5: 26 | G5: 25.617 | H5: 0.383 | I5: YES
A6: 19.00-32.23 | B6: 1 | C6: MALE | D6: 2 | E6: sub-CC122172 | F6: 27 | G6: 25.617 | H6: 1.383 | I6: NO
A7: 19.00-32.23 | B7: 1 | C7: MALE | D7: 3 | E7: sub-CC122405 | F7: 27.08 | G7: 25.617 | H7: 1.463 | I7: NO
A8: 32.23-45.47 | B8: 2 | C8: FEMALE | D8: 1 | E8: sub-CC310407 | F8: 39 | G8: 38.851 | H8: 0.149 | I8: YES
A9: 32.23-45.47 | B9: 2 | C9: FEMALE | D9: 2 | E9: sub-CC221002 | F9: 38 | G9: 38.851 | H9: 0.851 | I9: NO
A10: 32.23-45.47 | B10: 2 | C10: FEMALE | D10: 3 | E10: sub-CC221220 | F10: 37.67 | G10: 38.851 | H10: 1.181 | I10: NO
A11: 32.23-45.47 | B11: 2 | C11: MALE | D11: 1 | E11: sub-CC320616 | F11: 39.08 | G11: 38.851 | H11: 0.229 | I11: YES
A12: 32.23-45.47 | B12: 2 | C12: MALE | D12: 2 | E12: sub-CC221031 | F12: 38.33 | G12: 38.851 | H12: 0.521 | I12: NO
A13: 32.23-45.47 | B13: 2 | C13: MALE | D13: 3 | E13: sub-CC222496 | F13: 38 | G13: 38.851 | H13: 0.851 | I13: NO
... A31: 71.94-85.17 | B31: 5 | C31: MALE | D31: 3 | E31: sub-CC620610 | F31: 76.17 | G31: 78.553 | H31: 2.383 | I31: NO

Sheet Sources
A1: Source | B1: Path | C1: SHA-256 | D1: Use
A2: Approved final-132 list | B2: /home/boyan/sandbox/TI_Pipeline/SimNIBS/Scripts/CamCan_Experiment/cohort_pipeline/cohorts/final_132/subjects.txt | C2: 522e5085f4eee25cd4a2c01ad9ca885b5a214333c8da38dec9f918c965d4f607 | D2: Eligibility gate
A3: CamCAN workbook | B3: /home/boyan/sandbox/tmp/dataman/useraccess/opendata/layla_kouara_camcan01924/CamCAN (1).xlsx | C3: 3db7da48f56ad96e45d43e86fca15a5258a57bae23415b73778f9faeb4b02d8a | D3: Age/sex validation; integer age
A4: Precise demographics CSV | B4: /home/boyan/sandbox/tmp/dataman/useraccess/opendata/layla_kouara_camcan01924/standard_data.csv | C4: 2c72303f82617349bd64c1a44ade6a62cc61e8a593215bf0cc5c63802af4b510 | D4: Primary age ranking and sex
A5: Old repeatability config | B5: /home/boyan/sandbox/TI_Pipeline/SimNIBS/Scripts/mesh_repeat_analysis/paired_repeatability_experiment.example.json | C5: 3e2af42f1d94ff3fcbd8357866f42a72e38fed50ea85e04c00f19414d447d2ed | D5: Old/new overlap audit
A8: Selection logic | B8: Five equal-width bands across the final-132 precise age range; one female and one male nearest each band center; ties by lower age then subject ID.
